{"cameraMode":{"drawMode":0,"name":"Shaded","section":"Shading Mode"},"sceneLighting":true,"audioPlay":false,"sceneViewState":{"showFog":true,"showMaterialUpdate":true,"showSkybox":true,"showFlares":true,"showImageEffects":true,"showParticleSystems":true},"in2DMode":false,"pivot":{"x":-0.7644115090370178,"y":-0.5518618226051331,"z":0.2015317678451538},"rotation":{"x":-0.314622163772583,"y":0.569460391998291,"z":-0.24982395768165589,"w":-0.7171932458877564},"size":2.9514217376708986,"orthographic":false}