{"cameraMode":{"drawMode":0,"name":"Shaded","section":"Shading Mode"},"sceneLighting":false,"audioPlay":false,"sceneViewState":{"showFog":true,"showMaterialUpdate":true,"showSkybox":false,"showFlares":true,"showImageEffects":true,"showParticleSystems":true},"in2DMode":false,"pivot":{"x":-0.5394794940948486,"y":5.350674629211426,"z":0.1956799030303955},"rotation":{"x":0.3367346525192261,"y":-0.5030606985092163,"z":0.2215805947780609,"w":0.7644927501678467},"size":5.543502330780029,"orthographic":false}