{"cameraMode":{"drawMode":0,"name":"Shaded","section":"Shading Mode"},"sceneLighting":true,"audioPlay":false,"sceneViewState":{"showFog":true,"showMaterialUpdate":true,"showSkybox":true,"showFlares":true,"showImageEffects":true,"showParticleSystems":true},"in2DMode":false,"pivot":{"x":0.32051485776901247,"y":-0.17115497589111329,"z":0.5199748277664185},"rotation":{"x":-0.358036607503891,"y":0.22014780342578889,"z":-0.08726932853460312,"w":-0.9031919836997986},"size":2.8578836917877199,"orthographic":false}