{"cameraMode":{"drawMode":0,"name":"Shaded","section":"Shading Mode"},"sceneLighting":true,"audioPlay":false,"sceneViewState":{"showFog":true,"showMaterialUpdate":true,"showSkybox":true,"showFlares":true,"showImageEffects":true,"showParticleSystems":true},"in2DMode":false,"pivot":{"x":0.002191441133618355,"y":0.2640089988708496,"z":-0.007247596979141235},"rotation":{"x":-0.3083376884460449,"y":0.5091411471366882,"z":-0.20183499157428742,"w":-0.7778262495994568},"size":0.8404679894447327,"orthographic":false}