{"cameraMode":{"drawMode":0,"name":"Shaded","section":"Shading Mode"},"sceneLighting":true,"audioPlay":false,"sceneViewState":{"showFog":true,"showMaterialUpdate":true,"showSkybox":true,"showFlares":true,"showImageEffects":true,"showParticleSystems":true},"in2DMode":false,"pivot":{"x":9.287440299987793,"y":-2.249732732772827,"z":3.153571128845215},"rotation":{"x":-0.08074385672807694,"y":-0.9189012050628662,"z":0.28607243299484255,"w":-0.2593594193458557},"size":23.908552169799806,"orthographic":false}