{"cameraMode":{"drawMode":0,"name":"Shaded","section":"Shading Mode"},"sceneLighting":true,"audioPlay":false,"sceneViewState":{"showFog":true,"showMaterialUpdate":true,"showSkybox":true,"showFlares":true,"showImageEffects":true,"showParticleSystems":true},"in2DMode":false,"pivot":{"x":0.5236653685569763,"y":0.47492262721061709,"z":-0.44277969002723696},"rotation":{"x":-0.18757754564285279,"y":0.4684266746044159,"z":-0.10249409824609757,"w":-0.8572812080383301},"size":0.06197667121887207,"orthographic":false}