{"cameraMode":{"drawMode":0,"name":"Shaded","section":"Shading Mode"},"sceneLighting":true,"audioPlay":false,"sceneViewState":{"showFog":true,"showMaterialUpdate":true,"showSkybox":true,"showFlares":true,"showImageEffects":true,"showParticleSystems":true},"in2DMode":false,"pivot":{"x":-1.2762733697891236,"y":-0.5973478555679321,"z":0.13998273015022279},"rotation":{"x":-0.18469470739364625,"y":0.6972731947898865,"z":-0.19366195797920228,"w":-0.6650043725967407},"size":2.261432409286499,"orthographic":false}