{"cameraMode":{"drawMode":0,"name":"Shaded","section":"Shading Mode"},"sceneLighting":false,"audioPlay":false,"sceneViewState":{"showFog":true,"showMaterialUpdate":true,"showSkybox":false,"showFlares":true,"showImageEffects":true,"showParticleSystems":true},"in2DMode":false,"pivot":{"x":-0.0038085132837295534,"y":0.24468713998794557,"z":-0.006368577480316162},"rotation":{"x":0.3871821463108063,"y":-0.48512741923332217,"z":0.25311586260795596,"w":0.7420784831047058},"size":2.2504990100860597,"orthographic":false}