{"cameraMode":{"drawMode":0,"name":"Shaded","section":"Shading Mode"},"sceneLighting":true,"audioPlay":false,"sceneViewState":{"showFog":true,"showMaterialUpdate":true,"showSkybox":true,"showFlares":true,"showImageEffects":true,"showParticleSystems":true},"in2DMode":false,"pivot":{"x":-0.0016548141138628126,"y":0.1742207109928131,"z":-0.016499998047947885},"rotation":{"x":0.3871821463108063,"y":-0.48512741923332217,"z":0.25311586260795596,"w":0.7420784831047058},"size":22.0,"orthographic":false}