{"cameraMode":{"drawMode":0,"name":"Shaded","section":"Shading Mode"},"sceneLighting":true,"audioPlay":false,"sceneViewState":{"showFog":true,"showMaterialUpdate":true,"showSkybox":true,"showFlares":true,"showImageEffects":true,"showParticleSystems":true},"in2DMode":false,"pivot":{"x":-0.11251235008239746,"y":-0.036222100257873538,"z":0.01895838975906372},"rotation":{"x":-0.42291590571403506,"y":0.4780621826648712,"z":-0.2823135256767273,"w":-0.7162063717842102},"size":0.7504991888999939,"orthographic":false}