{"cameraMode":{"drawMode":0,"name":"Shaded","section":"Shading Mode"},"sceneLighting":false,"audioPlay":false,"sceneViewState":{"showFog":true,"showMaterialUpdate":true,"showSkybox":false,"showFlares":true,"showImageEffects":true,"showParticleSystems":true},"in2DMode":false,"pivot":{"x":-0.12737178802490235,"y":4.893742561340332,"z":0.07617354393005371},"rotation":{"x":-0.314622163772583,"y":0.569460391998291,"z":-0.24982395768165589,"w":-0.7171932458877564},"size":8.17463207244873,"orthographic":false}