{"cameraMode":{"drawMode":0,"name":"Shaded","section":"Shading Mode"},"sceneLighting":false,"audioPlay":false,"sceneViewState":{"showFog":true,"showMaterialUpdate":true,"showSkybox":false,"showFlares":true,"showImageEffects":true,"showParticleSystems":true},"in2DMode":false,"pivot":{"x":-0.010371451266109944,"y":5.13523530960083,"z":-0.1882537305355072},"rotation":{"x":-0.23931849002838136,"y":0.1970016062259674,"z":-0.04965636134147644,"w":-0.9494757056236267},"size":8.17463207244873,"orthographic":false}