{"cameraMode":{"drawMode":0,"name":"Shaded","section":"Shading Mode"},"sceneLighting":true,"audioPlay":false,"sceneViewState":{"showFog":true,"showMaterialUpdate":true,"showSkybox":true,"showFlares":true,"showImageEffects":true,"showParticleSystems":true},"in2DMode":false,"pivot":{"x":-0.09732766449451447,"y":0.14980575442314149,"z":-0.013623997569084168},"rotation":{"x":0.3871821463108063,"y":-0.48512741923332217,"z":0.25311586260795596,"w":0.7420784831047058},"size":0.5847984552383423,"orthographic":false}